Абаза|(региональное)|19|ХакасияРеспублика|-
Абакан|(региональное)|19|ХакасияРеспублика|региона
Абдулино|АбдулинскийРайон|56|ОренбургскаяОбласть|района
Абинск|АбинскийРайон|23|КраснодарскийКрай|района
Агидель|(региональное)|02|БашкортостанРеспублика|-
Агрыз|АгрызскийРайон|16|ТатарстанРеспублика|района
Адыгейск|(региональное)|01|АдыгеяРеспублика|-
Азнакаево|АзнакаевскийРайон|16|ТатарстанРеспублика|района
Азов|(региональное)|61|РостовскаяОбласть|-
Ак-Довурак|(региональное)|17|ТываРеспублика|-
Аксай|АксайскийРайон|61|РостовскаяОбласть|района
Алагир|АлагирскийРайон|15|СевернаяОсетия-АланияРеспублика|района
Алапаевск|(региональное)|66|СвердловскаяОбласть|-
Алатырь|(региональное)|21|ЧувашскаяРеспублика-Чувашия|-
Алдан|АлданскийУлус|14|Саха/Якутия/Республика|района
Алейск|(региональное)|22|АлтайскийКрай|-
Александров|АлександровскийРайон|33|ВладимирскаяОбласть|района
Александровск|(региональное)|59|ПермскийКрай|-
Александровск-Сахалинский|Александровск-СахалинскийРайон|65|СахалинскаяОбласть|района
Алексеевка|АлексеевскийРайон|31|БелгородскаяОбласть|района
Алексин|АлексинскийРайон|71|ТульскаяОбласть|района
Алзамай|НижнеудинскийРайон|38|ИркутскаяОбласть|-
Алупка|(региональное)|91|КрымРеспублика|-
Алушта|(региональное)|91|КрымРеспублика|-
Альметьевск|АльметьевскийРайон|16|ТатарстанРеспублика|района
Амурск|(региональное)|27|ХабаровскийКрай|-
Анадырь|(региональное)|87|ЧукотскийАвтономныйокруг|региона
Анапа|АнапскийРайон|23|КраснодарскийКрай|района
Ангарск|(региональное)|38|ИркутскаяОбласть|-
Андреаполь|АндреапольскийРайон|69|ТверскаяОбласть|района
Анжеро-Судженск|(региональное)|42|КемеровскаяОбласть|-
Анива|АнивскийРайон|65|СахалинскаяОбласть|района
Апатиты|(региональное)|51|МурманскаяОбласть|-
Апрелевка|Наро-ФоминскийРайон|50|МосковскаяОбласть|-
Апшеронск|АпшеронскийРайон|23|КраснодарскийКрай|района
Арамиль|СысертскийРайон|66|СвердловскаяОбласть|-
Аргун|(региональное)|20|ЧеченскаяРеспублика|-
Ардатов|АрдатовскийРайон|13|МордовияРеспублика|района
Ардон|АрдонскийРайон|15|СевернаяОсетия-АланияРеспублика|района
Арзамас|(региональное)|52|НижегородскаяОбласть|-
Аркадак|АркадакскийРайон|64|СаратовскаяОбласть|района
Армавир|(региональное)|23|КраснодарскийКрай|-
Армянск|(региональное)|91|КрымРеспублика|-
Армянськ|КрасноперекопскийРайон|91|КрымРеспублика|-
Арсеньев|(региональное)|25|ПриморскийКрай|-
Арск|АрскийРайон|16|ТатарстанРеспублика|района
Артем|(региональное)|25|ПриморскийКрай|-
Артемовск|КурагинскийРайон|24|КрасноярскийКрай|-
Артемовский|АртемовскийРайон|66|СвердловскаяОбласть|района
Архангельск|(региональное)|29|АрхангельскаяОбласть|региона
Асбест|(региональное)|66|СвердловскаяОбласть|-
Асино|АсиновскийРайон|70|ТомскаяОбласть|района
Астрахань|(региональное)|30|АстраханскаяОбласть|региона
Аткарск|(региональное)|64|СаратовскаяОбласть|-
Ахтубинск|АхтубинскийРайон|30|АстраханскаяОбласть|района
Ахтубинск-7|АхтубинскийРайон|30|АстраханскаяОбласть|-
Ачинск|(региональное)|24|КрасноярскийКрай|-
Аша|АшинскийРайон|74|ЧелябинскаяОбласть|района
Бабаево|БабаевскийРайон|35|ВологодскаяОбласть|района
Бабушкин|КабанскийРайон|03|БурятияРеспублика|-
Бавлы|БавлинскийРайон|16|ТатарстанРеспублика|района
Багратионовск|БагратионовскийРайон|39|КалининградскаяОбласть|района
Байкальск|СлюдянскийРайон|38|ИркутскаяОбласть|-
Баймак|БаймакскийРайон|02|БашкортостанРеспублика|района
Бакал|СаткинскийРайон|74|ЧелябинскаяОбласть|-
Баксан|(региональное)|07|Кабардино-БалкарскаяРеспублика|района
Балабаново|БоровскийРайон|40|КалужскаяОбласть|-
Балаково|(региональное)|64|СаратовскаяОбласть|-
Балахна|БалахнинскийРайон|52|НижегородскаяОбласть|района
Балашиха|(региональное)|50|МосковскаяОбласть|-
Балашов|(региональное)|64|СаратовскаяОбласть|-
Балей|БалейскийРайон|75|ЗабайкальскийКрай|района
Балтийск|БалтийскийРайон|39|КалининградскаяОбласть|района
Барабинск|(региональное)|54|НовосибирскаяОбласть|-
Барнаул|(региональное)|22|АлтайскийКрай|региона
Барыш|(региональное)|73|УльяновскаяОбласть|-
Батайск|(региональное)|61|РостовскаяОбласть|-
Бахчисарай|БахчисарайскийРайон|91|КрымРеспублика|-
Бежецк|БежецкийРайон|69|ТверскаяОбласть|района
БелаяКалитва|БелокалитвинскийРайон|61|РостовскаяОбласть|района
БелаяХолуница|БелохолуницкийРайон|43|КировскаяОбласть|района
Белгород|(региональное)|31|БелгородскаяОбласть|региона
Белебей|БелебеевскийРайон|02|БашкортостанРеспублика|района
Белев|БелевскийРайон|71|ТульскаяОбласть|района
Белинский|БелинскийРайон|58|ПензенскаяОбласть|района
Белово|(региональное)|42|КемеровскаяОбласть|-
Белогорск|(региональное)|28|АмурскаяОбласть|-
Белогорск|БелогорскийРайон|91|КрымРеспублика|-
Белозерск|БелозерскийРайон|35|ВологодскаяОбласть|района
Белокуриха|(региональное)|22|АлтайскийКрай|-
Беломорск|БеломорскийРайон|10|КарелияРеспублика|района
Белорецк|БелорецкийРайон|02|БашкортостанРеспублика|района
Белореченск|БелореченскийРайон|23|КраснодарскийКрай|района
Белоусово|ЖуковскийРайон|40|КалужскаяОбласть|-
Белоярский|(региональное)|86|Ханты-МансийскийАвтономныйокруг-ЮграАвтономныйокруг|-
Белый|БельскийРайон|69|ТверскаяОбласть|района
Бердск|(региональное)|54|НовосибирскаяОбласть|-
Березники|(региональное)|59|ПермскийКрай|-
Березовский|(региональное)|42|КемеровскаяОбласть|-
Березовский|(региональное)|66|СвердловскаяОбласть|-
Беслан|ПравобережныйРайон|15|СевернаяОсетия-АланияРеспублика|района
Бийск|(региональное)|22|АлтайскийКрай|-
Бикин|(региональное)|27|ХабаровскийКрай|-
Билибино|БилибинскийРайон|87|ЧукотскийАвтономныйокруг|района
Биробиджан|(региональное)|79|ЕврейскаяАвтономнаяобласть|региона
Бирск|БирскийРайон|02|БашкортостанРеспублика|района
Бирюсинск|ТайшетскийРайон|38|ИркутскаяОбласть|-
Бирюч|КрасногвардейскийРайон|31|БелгородскаяОбласть|района
Благовещенск|БлаговещенскийРайон|02|БашкортостанРеспублика|района
Благовещенск|(региональное)|28|АмурскаяОбласть|региона
Благодарный|БлагодарненскийРайон|26|СтавропольскийКрай|района
Бобров|БобровскийРайон|36|ВоронежскаяОбласть|района
Богданович|БогдановичскийРайон|66|СвердловскаяОбласть|-
Богородицк|БогородицкийРайон|71|ТульскаяОбласть|района
Богородск|БогородскийРайон|52|НижегородскаяОбласть|района
Боготол|(региональное)|24|КрасноярскийКрай|-
Богучар|БогучарскийРайон|36|ВоронежскаяОбласть|района
Бодайбо|(региональное)|38|ИркутскаяОбласть|-
Бокситогорск|БокситогорскийРайон|47|ЛенинградскаяОбласть|района
Болгар|СпасскийРайон|16|ТатарстанРеспублика|района
Бологое|БологовскийРайон|69|ТверскаяОбласть|района
Болотное|БолотнинскийРайон|54|НовосибирскаяОбласть|района
Болохово|КиреевскийРайон|71|ТульскаяОбласть|-
Болхов|БолховскийРайон|57|ОрловскаяОбласть|района
БольшойКамень|(региональное)|25|ПриморскийКрай|-
Бор|(региональное)|52|НижегородскаяОбласть|-
Борзя|БорзинскийРайон|75|ЗабайкальскийКрай|района
Борисоглебск|БорисоглебскийРайон|36|ВоронежскаяОбласть|района
Боровичи|БоровичскийРайон|53|НовгородскаяОбласть|района
Боровск|БоровскийРайон|40|КалужскаяОбласть|района
Боровск-1|БоровскийРайон|40|КалужскаяОбласть|-
Бородино|(региональное)|24|КрасноярскийКрай|-
Братск|(региональное)|38|ИркутскаяОбласть|-
Бронницы|(региональное)|50|МосковскаяОбласть|-
Брянск|(региональное)|32|БрянскаяОбласть|региона
Бугульма|БугульминскийРайон|16|ТатарстанРеспублика|района
Бугуруслан|(региональное)|56|ОренбургскаяОбласть|-
Буденновск|БуденновскийРайон|26|СтавропольскийКрай|района
Бузулук|(региональное)|56|ОренбургскаяОбласть|-
Буинск|БуинскийРайон|16|ТатарстанРеспублика|района
Буй|БуйскийРайон|44|КостромскаяОбласть|района
Буйнакск|(региональное)|05|ДагестанРеспублика|-
Бутурлиновка|БутурлиновскийРайон|36|ВоронежскаяОбласть|района
Валдай|ВалдайскийРайон|53|НовгородскаяОбласть|района
Валуйки|ВалуйскийРайон|31|БелгородскаяОбласть|района
Велиж|ВелижскийРайон|67|СмоленскаяОбласть|района
ВеликиеЛуки|(региональное)|60|ПсковскаяОбласть|-
ВеликиеЛуки-1|ВеликолукскийРайон|60|ПсковскаяОбласть|-
ВеликийНовгород|(региональное)|53|НовгородскаяОбласть|региона
ВеликийУстюг|ВеликоустюгскийРайон|35|ВологодскаяОбласть|района
Вельск|ВельскийРайон|29|АрхангельскаяОбласть|района
Венев|ВеневскийРайон|71|ТульскаяОбласть|района
Верещагино|ВерещагинскийРайон|59|ПермскийКрай|района
Верея|Наро-ФоминскийРайон|50|МосковскаяОбласть|-
Верхнеуральск|ВерхнеуральскийРайон|74|ЧелябинскаяОбласть|района
ВерхнийТагил|(региональное)|66|СвердловскаяОбласть|-
ВерхнийУфалей|(региональное)|74|ЧелябинскаяОбласть|-
ВерхняяПышма|(региональное)|66|СвердловскаяОбласть|-
ВерхняяСалда|ВерхнесалдинскийРайон|66|СвердловскаяОбласть|-
ВерхняяТура|(региональное)|66|СвердловскаяОбласть|-
Верхотурье|ВерхотурскийРайон|66|СвердловскаяОбласть|района
Верхоянск|ВерхоянскийУлус|14|Саха/Якутия/Республика|-
Весьегонск|ВесьегонскийРайон|69|ТверскаяОбласть|района
Ветлуга|ВетлужскийРайон|52|НижегородскаяОбласть|района
Видное|ЛенинскийРайон|50|МосковскаяОбласть|района
Вилюйск|ВилюйскийУлус|14|Саха/Якутия/Республика|района
Вилючинск|(региональное)|41|КамчатскийКрай|-
Вихоревка|БратскийРайон|38|ИркутскаяОбласть|-
Вичуга|ВичугскийРайон|37|ИвановскаяОбласть|района
Владивосток|(региональное)|25|ПриморскийКрай|региона
Владикавказ|(региональное)|15|СевернаяОсетия-АланияРеспублика|региона
Владимир|(региональное)|33|ВладимирскаяОбласть|региона
Волгоград|(региональное)|34|ВолгоградскаяОбласть|региона
Волгодонск|(региональное)|61|РостовскаяОбласть|-
Волгореченск|(региональное)|44|КостромскаяОбласть|-
Волжск|(региональное)|12|МарийЭлРеспублика|-
Волжский|(региональное)|34|ВолгоградскаяОбласть|-
Вологда|(региональное)|35|ВологодскаяОбласть|региона
Володарск|ВолодарскийРайон|52|НижегородскаяОбласть|района
Волоколамск|ВолоколамскийРайон|50|МосковскаяОбласть|района
Волосово|ВолосовскийРайон|47|ЛенинградскаяОбласть|района
Волхов|ВолховскийРайон|47|ЛенинградскаяОбласть|района
Волчанск|(региональное)|66|СвердловскаяОбласть|-
Вольск|(региональное)|64|СаратовскаяОбласть|-
Вольск-18|(региональное)|64|СаратовскаяОбласть|-
Воркута|(региональное)|11|КомиРеспублика|-
Воронеж|(региональное)|36|ВоронежскаяОбласть|региона
Воронеж-45|(региональное)|36|ВоронежскаяОбласть|-
Ворсма|ПавловскийРайон|52|НижегородскаяОбласть|-
Воскресенск|ВоскресенскийРайон|50|МосковскаяОбласть|района
Воткинск|(региональное)|18|УдмуртскаяРеспублика|-
Всеволожск|ВсеволожскийРайон|47|ЛенинградскаяОбласть|района
Вуктыл|(региональное)|11|КомиРеспублика|-
Выборг|ВыборгскийРайон|47|ЛенинградскаяОбласть|района
Выкса|(региональное)|52|НижегородскаяОбласть|района
Высоковск|КлинскийРайон|50|МосковскаяОбласть|-
Высоцк|ВыборгскийРайон|47|ЛенинградскаяОбласть|-
Вытегра|ВытегорскийРайон|35|ВологодскаяОбласть|района
ВышнийВолочек|(региональное)|69|ТверскаяОбласть|-
Вяземский|ВяземскийРайон|27|ХабаровскийКрай|района
Вязники|ВязниковскийРайон|33|ВладимирскаяОбласть|района
Вязьма|ВяземскийРайон|67|СмоленскаяОбласть|района
ВятскиеПоляны|ВятскополянскийРайон|43|КировскаяОбласть|района
ГавриловПосад|Гаврилово-ПосадскийРайон|37|ИвановскаяОбласть|района
Гаврилов-Ям|Гаврилов-ЯмскийРайон|76|ЯрославскаяОбласть|района
Гагарин|ГагаринскийРайон|67|СмоленскаяОбласть|района
Гаджиево|(региональное)|51|МурманскаяОбласть|-
Гай|(региональное)|56|ОренбургскаяОбласть|-
Галич|ГаличскийРайон|44|КостромскаяОбласть|района
Гатчина|ГатчинскийРайон|47|ЛенинградскаяОбласть|района
Гвардейск|ГвардейскийРайон|39|КалининградскаяОбласть|района
Гдов|ГдовскийРайон|60|ПсковскаяОбласть|района
Геленджик|(региональное)|23|КраснодарскийКрай|-
Георгиевск|(региональное)|26|СтавропольскийКрай|-
Глазов|(региональное)|18|УдмуртскаяРеспублика|-
Голицыно|ОдинцовскийРайон|50|МосковскаяОбласть|-
Горбатов|ПавловскийРайон|52|НижегородскаяОбласть|-
Горно-Алтайск|(региональное)|04|АлтайРеспублика|региона
Горнозаводск|ГорнозаводскийРайон|59|ПермскийКрай|района
Горняк|ЛоктевскийРайон|22|АлтайскийКрай|района
Городец|ГородецкийРайон|52|НижегородскаяОбласть|района
Городище|ГородищенскийРайон|58|ПензенскаяОбласть|района
Городовиковск|ГородовиковскийРайон|08|КалмыкияРеспублика|района
ГородскойокругЧерноголовка|(региональное)|50|МосковскаяОбласть|-
Гороховец|ГороховецкийРайон|33|ВладимирскаяОбласть|района
ГорячийКлюч|(региональное)|23|КраснодарскийКрай|-
Грайворон|ГрайворонскийРайон|31|БелгородскаяОбласть|района
Гремячинск|(региональное)|59|ПермскийКрай|-
Грозный|(региональное)|20|ЧеченскаяРеспублика|региона
Грязи|ГрязинскийРайон|48|ЛипецкаяОбласть|района
Грязовец|ГрязовецкийРайон|35|ВологодскаяОбласть|района
Губаха|(региональное)|59|ПермскийКрай|-
Губкин|(региональное)|31|БелгородскаяОбласть|района
Губкинский|(региональное)|89|Ямало-НенецкийАвтономныйокруг|-
Гудермес|ГудермесскийРайон|20|ЧеченскаяРеспублика|района
Гуково|(региональное)|61|РостовскаяОбласть|-
Гулькевичи|ГулькевичскийРайон|23|КраснодарскийКрай|района
Гурьевск|ГурьевскийРайон|39|КалининградскаяОбласть|района
Гурьевск|ГурьевскийРайон|42|КемеровскаяОбласть|района
Гусев|ГусевскийРайон|39|КалининградскаяОбласть|района
Гусиноозерск|СеленгинскийРайон|03|БурятияРеспублика|района
Гусь-Хрустальный|(региональное)|33|ВладимирскаяОбласть|-
Давлеканово|ДавлекановскийРайон|02|БашкортостанРеспублика|района
ДагестанскиеОгни|(региональное)|05|ДагестанРеспублика|-
Далматово|ДалматовскийРайон|45|КурганскаяОбласть|района
Дальнегорск|(региональное)|25|ПриморскийКрай|-
Дальнереченск|(региональное)|25|ПриморскийКрай|-
Данилов|ДаниловскийРайон|76|ЯрославскаяОбласть|района
Данков|ДанковскийРайон|48|ЛипецкаяОбласть|района
Дегтярск|(региональное)|66|СвердловскаяОбласть|-
Дедовск|ИстринскийРайон|50|МосковскаяОбласть|-
Демидов|ДемидовскийРайон|67|СмоленскаяОбласть|района
Дербент|(региональное)|05|ДагестанРеспублика|-
Десногорск|(региональное)|67|СмоленскаяОбласть|-
Джанкой|(региональное)|91|КрымРеспублика|-
Джанкой|ДжанкойскийРайон|91|КрымРеспублика|-
Дзержинск|(региональное)|52|НижегородскаяОбласть|-
Дзержинский|(региональное)|50|МосковскаяОбласть|-
Дивногорск|(региональное)|24|КрасноярскийКрай|-
Дигора|ДигорскийРайон|15|СевернаяОсетия-АланияРеспублика|района
Димитровград|(региональное)|73|УльяновскаяОбласть|-
Дмитриев|ДмитриевскийРайон|46|КурскаяОбласть|-
Дмитров|ДмитровскийРайон|50|МосковскаяОбласть|района
Дмитровск|ДмитровскийРайон|57|ОрловскаяОбласть|района
Дно|ДновскийРайон|60|ПсковскаяОбласть|района
Добрянка|(региональное)|59|ПермскийКрай|-
Долгопрудный|(региональное)|50|МосковскаяОбласть|-
Долинск|ДолинскийРайон|65|СахалинскаяОбласть|района
Домодедово|(региональное)|50|МосковскаяОбласть|-
Донецк|(региональное)|61|РостовскаяОбласть|-
Донской|(региональное)|71|ТульскаяОбласть|-
Дорогобуж|ДорогобужскийРайон|67|СмоленскаяОбласть|района
Дрезна|Орехово-ЗуевскийРайон|50|МосковскаяОбласть|-
Дубна|(региональное)|50|МосковскаяОбласть|-
Дубовка|ДубовскийРайон|34|ВолгоградскаяОбласть|района
Дудинка|ТаймырскийДолгано-НенецкийРайон|24|КрасноярскийКрай|района
Духовщина|ДуховщинскийРайон|67|СмоленскаяОбласть|района
Дюртюли|ДюртюлинскийРайон|02|БашкортостанРеспублика|района
Дятьково|ДятьковскийРайон|32|БрянскаяОбласть|района
Евпатория|(региональное)|91|КрымРеспублика|-
Егорьевск|ЕгорьевскийРайон|50|МосковскаяОбласть|района
Ейск|ЕйскийРайон|23|КраснодарскийКрай|района
Екатеринбург|(региональное)|66|СвердловскаяОбласть|региона
Елабуга|ЕлабужскийРайон|16|ТатарстанРеспублика|района
Елец|(региональное)|48|ЛипецкаяОбласть|-
Елизово|ЕлизовскийРайон|41|КамчатскийКрай|района
Ельня|ЕльнинскийРайон|67|СмоленскаяОбласть|района
Еманжелинск|ЕманжелинскийРайон|74|ЧелябинскаяОбласть|района
Емва|КняжпогостскийРайон|11|КомиРеспублика|района
Енисейск|(региональное)|24|КрасноярскийКрай|-
Ермолино|БоровскийРайон|40|КалужскаяОбласть|-
Ершов|ЕршовскийРайон|64|СаратовскаяОбласть|района
Ессентуки|(региональное)|26|СтавропольскийКрай|-
Ефремов|ЕфремовскийРайон|71|ТульскаяОбласть|района
Железноводск|(региональное)|26|СтавропольскийКрай|-
Железногорск|(региональное)|24|КрасноярскийКрай|-
Железногорск|(региональное)|46|КурскаяОбласть|района
Железногорск-Илимский|НижнеилимскийРайон|38|ИркутскаяОбласть|района
Железнодорожный|(региональное)|50|МосковскаяОбласть|-
Жердевка|ЖердевскийРайон|68|ТамбовскаяОбласть|района
Жигулевск|(региональное)|63|СамарскаяОбласть|-
Жиздра|ЖиздринскийРайон|40|КалужскаяОбласть|района
Жирновск|ЖирновскийРайон|34|ВолгоградскаяОбласть|района
Жуков|ЖуковскийРайон|40|КалужскаяОбласть|района
Жуковка|ЖуковскийРайон|32|БрянскаяОбласть|района
Жуковский|(региональное)|50|МосковскаяОбласть|-
Завитинск|ЗавитинскийРайон|28|АмурскаяОбласть|района
Заводоуковск|ЗаводоуковскийРайон|72|ТюменскаяОбласть|района
Заволжск|ЗаволжскийРайон|37|ИвановскаяОбласть|района
Заволжье|ГородецкийРайон|52|НижегородскаяОбласть|-
Задонск|ЗадонскийРайон|48|ЛипецкаяОбласть|района
Заинск|ЗаинскийРайон|16|ТатарстанРеспублика|района
Закаменск|ЗакаменскийРайон|03|БурятияРеспублика|района
Заозерный|РыбинскийРайон|24|КрасноярскийКрай|-
Заозерск|(региональное)|51|МурманскаяОбласть|-
ЗападнаяДвина|ЗападнодвинскийРайон|69|ТверскаяОбласть|района
Заполярный|ПеченгскийРайон|51|МурманскаяОбласть|-
Зарайск|ЗарайскийРайон|50|МосковскаяОбласть|района
Заречный|(региональное)|58|ПензенскаяОбласть|-
Заречный|(региональное)|66|СвердловскаяОбласть|-
Заринск|(региональное)|22|АлтайскийКрай|-
Звенигово|ЗвениговскийРайон|12|МарийЭлРеспублика|района
Звенигород|(региональное)|50|МосковскаяОбласть|-
Зверево|(региональное)|61|РостовскаяОбласть|-
Зеленогорск|(региональное)|24|КрасноярскийКрай|-
Зеленогорск|(региональное)|78|Санкт-ПетербургГород|-
Зеленоград|(региональное)|77|МоскваГород|-
Зеленоградск|ЗеленоградскийРайон|39|КалининградскаяОбласть|района
Зеленодольск|ЗеленодольскийРайон|16|ТатарстанРеспублика|района
Зеленокумск|СоветскийРайон|26|СтавропольскийКрай|района
Зерноград|ЗерноградскийРайон|61|РостовскаяОбласть|района
Зея|(региональное)|28|АмурскаяОбласть|-
Зима|(региональное)|38|ИркутскаяОбласть|-
Златоуст|(региональное)|74|ЧелябинскаяОбласть|-
Злынка|ЗлынковскийРайон|32|БрянскаяОбласть|района
Змеиногорск|ЗмеиногорскийРайон|22|АлтайскийКрай|района
Знаменск|(региональное)|30|АстраханскаяОбласть|-
Зубцов|ЗубцовскийРайон|69|ТверскаяОбласть|района
Зуевка|ЗуевскийРайон|43|КировскаяОбласть|района
Ивангород|КингисеппскийРайон|47|ЛенинградскаяОбласть|-
Иваново|(региональное)|37|ИвановскаяОбласть|региона
Ивантеевка|(региональное)|50|МосковскаяОбласть|-
Ивдель|(региональное)|66|СвердловскаяОбласть|-
Игарка|ТуруханскийРайон|24|КрасноярскийКрай|-
Ижевск|(региональное)|18|УдмуртскаяРеспублика|региона
Избербаш|(региональное)|05|ДагестанРеспублика|-
Изобильный|ИзобильненскийРайон|26|СтавропольскийКрай|района
Иланский|ИланскийРайон|24|КрасноярскийКрай|района
Инза|ИнзенскийРайон|73|УльяновскаяОбласть|района
Инкерман|(региональное)|92|СевастопольГород|-
Инсар|ИнсарскийРайон|13|МордовияРеспублика|района
Инта|(региональное)|11|КомиРеспублика|-
Ипатово|ИпатовскийРайон|26|СтавропольскийКрай|района
Ирбит|(региональное)|66|СвердловскаяОбласть|-
Иркутск|(региональное)|38|ИркутскаяОбласть|региона
Иркутск-45|(региональное)|38|ИркутскаяОбласть|-
Исилькуль|ИсилькульскийРайон|55|ОмскаяОбласть|района
Искитим|(региональное)|54|НовосибирскаяОбласть|-
Истра|ИстринскийРайон|50|МосковскаяОбласть|района
Истра-1|ИстринскийРайон|50|МосковскаяОбласть|-
Ишим|ИшимскийРайон|72|ТюменскаяОбласть|района
Ишимбай|ИшимбайскийРайон|02|БашкортостанРеспублика|района
Йошкар-Ола|(региональное)|12|МарийЭлРеспублика|региона
Кадников|СокольскийРайон|35|ВологодскаяОбласть|-
Казань|(региональное)|16|ТатарстанРеспублика|региона
Калач|КалачеевскийРайон|36|ВоронежскаяОбласть|района
Калачинск|КалачинскийРайон|55|ОмскаяОбласть|района
Калач-на-Дону|КалачевскийРайон|34|ВолгоградскаяОбласть|района
Калининград|(региональное)|39|КалининградскаяОбласть|региона
Калининск|КалининскийРайон|64|СаратовскаяОбласть|района
Калтан|(региональное)|42|КемеровскаяОбласть|-
Калуга|(региональное)|40|КалужскаяОбласть|региона
Калязин|КалязинскийРайон|69|ТверскаяОбласть|района
Камбарка|КамбарскийРайон|18|УдмуртскаяРеспублика|района
Каменка|КаменскийРайон|58|ПензенскаяОбласть|района
Каменногорск|ВыборгскийРайон|47|ЛенинградскаяОбласть|-
Каменск-Уральский|(региональное)|66|СвердловскаяОбласть|-
Каменск-Шахтинский|(региональное)|61|РостовскаяОбласть|-
Камень-на-Оби|(региональное)|22|АлтайскийКрай|-
Камешково|КамешковскийРайон|33|ВладимирскаяОбласть|района
Камызяк|КамызякскийРайон|30|АстраханскаяОбласть|района
Камышин|(региональное)|34|ВолгоградскаяОбласть|-
Камышлов|(региональное)|66|СвердловскаяОбласть|-
Канаш|(региональное)|21|ЧувашскаяРеспублика-Чувашия|-
Кандалакша|(региональное)|51|МурманскаяОбласть|-
Канск|(региональное)|24|КрасноярскийКрай|-
Карабаново|АлександровскийРайон|33|ВладимирскаяОбласть|-
Карабаш|(региональное)|74|ЧелябинскаяОбласть|-
Карабулак|(региональное)|06|ИнгушетияРеспублика|-
Карасук|КарасукскийРайон|54|НовосибирскаяОбласть|района
Карачаевск|(региональное)|09|Карачаево-ЧеркесскаяРеспублика|-
Карачев|КарачевскийРайон|32|БрянскаяОбласть|района
Каргат|КаргатскийРайон|54|НовосибирскаяОбласть|района
Каргополь|КаргопольскийРайон|29|АрхангельскаяОбласть|района
Карпинск|(региональное)|66|СвердловскаяОбласть|-
Карталы|КарталинскийРайон|74|ЧелябинскаяОбласть|района
Касимов|(региональное)|62|РязанскаяОбласть|района
Касли|КаслинскийРайон|74|ЧелябинскаяОбласть|района
Каспийск|(региональное)|05|ДагестанРеспублика|-
Катав-Ивановск|Катав-ИвановскийРайон|74|ЧелябинскаяОбласть|района
Катайск|КатайскийРайон|45|КурганскаяОбласть|района
Качканар|(региональное)|66|СвердловскаяОбласть|-
Кашин|КашинскийРайон|69|ТверскаяОбласть|района
Кашира|КаширскийРайон|50|МосковскаяОбласть|района
Кашира-8|КаширскийРайон|50|МосковскаяОбласть|-
Кедровый|(региональное)|70|ТомскаяОбласть|-
Кемерово|(региональное)|42|КемеровскаяОбласть|региона
Кемь|КемскийРайон|10|КарелияРеспублика|-
Керчь|(региональное)|91|КрымРеспублика|-
Кизел|(региональное)|59|ПермскийКрай|-
Кизилюрт|(региональное)|05|ДагестанРеспублика|-
Кизляр|(региональное)|05|ДагестанРеспублика|-
Кимовск|КимовскийРайон|71|ТульскаяОбласть|района
Кимры|(региональное)|69|ТверскаяОбласть|-
Кингисепп|КингисеппскийРайон|47|ЛенинградскаяОбласть|района
Кинель|(региональное)|63|СамарскаяОбласть|-
Кинешма|КинешемскийРайон|37|ИвановскаяОбласть|района
Киреевск|КиреевскийРайон|71|ТульскаяОбласть|района
Киренск|КиренскийРайон|38|ИркутскаяОбласть|района
Киржач|КиржачскийРайон|33|ВладимирскаяОбласть|района
Кириллов|КирилловскийРайон|35|ВологодскаяОбласть|района
Кириши|КиришскийРайон|47|ЛенинградскаяОбласть|района
Киров|КировскийРайон|40|КалужскаяОбласть|района
Киров|(региональное)|43|КировскаяОбласть|региона
Кировград|(региональное)|66|СвердловскаяОбласть|-
Кирово-Чепецк|Кирово-ЧепецкийРайон|43|КировскаяОбласть|района
Кировск|КировскийРайон|47|ЛенинградскаяОбласть|района
Кировск|(региональное)|51|МурманскаяОбласть|-
Кирс|ВерхнекамскийРайон|43|КировскаяОбласть|района
Кирсанов|(региональное)|68|ТамбовскаяОбласть|-
Киселевск|(региональное)|42|КемеровскаяОбласть|-
Кисловодск|(региональное)|26|СтавропольскийКрай|-
Климовск|(региональное)|50|МосковскаяОбласть|-
Клин|КлинскийРайон|50|МосковскаяОбласть|района
Клинцы|(региональное)|32|БрянскаяОбласть|-
Княгинино|КнягининскийРайон|52|НижегородскаяОбласть|района
Ковдор|КовдорскийРайон|51|МурманскаяОбласть|района
Ковров|(региональное)|33|ВладимирскаяОбласть|-
Ковылкино|(региональное)|13|МордовияРеспублика|района
Когалым|(региональное)|86|Ханты-МансийскийАвтономныйокруг-ЮграАвтономныйокруг|-
Кодинск|КежемскийРайон|24|КрасноярскийКрай|района
Козельск|КозельскийРайон|40|КалужскаяОбласть|района
Козловка|КозловскийРайон|21|ЧувашскаяРеспублика-Чувашия|района
Козьмодемьянск|(региональное)|12|МарийЭлРеспублика|-
Кола|КольскийРайон|51|МурманскаяОбласть|района
Кологрив|КологривскийРайон|44|КостромскаяОбласть|района
Коломна|(региональное)|50|МосковскаяОбласть|-
Колпашево|КолпашевскийРайон|70|ТомскаяОбласть|района
Колпино|(региональное)|78|Санкт-ПетербургГород|-
Кольчугино|КольчугинскийРайон|33|ВладимирскаяОбласть|района
Коммунар|ГатчинскийРайон|47|ЛенинградскаяОбласть|-
Комсомольск|КомсомольскийРайон|37|ИвановскаяОбласть|района
Комсомольск-на-Амуре|(региональное)|27|ХабаровскийКрай|-
Конаково|КонаковскийРайон|69|ТверскаяОбласть|района
Кондопога|КондопожскийРайон|10|КарелияРеспублика|района
Кондрово|ДзержинскийРайон|40|КалужскаяОбласть|района
Константиновск|КонстантиновскийРайон|61|РостовскаяОбласть|района
Копейск|(региональное)|74|ЧелябинскаяОбласть|-
Кораблино|КораблинскийРайон|62|РязанскаяОбласть|района
Кореновск|КореновскийРайон|23|КраснодарскийКрай|района
Коркино|КоркинскийРайон|74|ЧелябинскаяОбласть|района
Королев|(региональное)|50|МосковскаяОбласть|-
Короча|КорочанскийРайон|31|БелгородскаяОбласть|района
Корсаков|КорсаковскийРайон|65|СахалинскаяОбласть|района
Коряжма|(региональное)|29|АрхангельскаяОбласть|-
Костерево|ПетушинскийРайон|33|ВладимирскаяОбласть|-
Костомукша|(региональное)|10|КарелияРеспублика|-
Кострома|КостромскойРайон|44|КостромскаяОбласть|районаирегиона
Котельники|(региональное)|50|МосковскаяОбласть|-
Котельниково|КотельниковскийРайон|34|ВолгоградскаяОбласть|района
Котельнич|КотельничскийРайон|43|КировскаяОбласть|района
Котлас|КотласскийРайон|29|АрхангельскаяОбласть|района
Котово|КотовскийРайон|34|ВолгоградскаяОбласть|района
Котовск|(региональное)|68|ТамбовскаяОбласть|-
Кохма|ИвановскийРайон|37|ИвановскаяОбласть|района
Красавино|ВеликоустюгскийРайон|35|ВологодскаяОбласть|-
Красноармейск|(региональное)|50|МосковскаяОбласть|-
Красноармейск|(региональное)|64|СаратовскаяОбласть|-
Красновишерск|КрасновишерскийРайон|59|ПермскийКрай|района
Красногорск|КрасногорскийРайон|50|МосковскаяОбласть|района
Краснодар|(региональное)|23|КраснодарскийКрай|региона
КрасноеСело|(региональное)|78|Санкт-ПетербургГород|-
Краснозаводск|Сергиево-ПосадскийРайон|50|МосковскаяОбласть|-
Краснознаменск|КраснознаменскийРайон|39|КалининградскаяОбласть|района
Краснознаменск|(региональное)|50|МосковскаяОбласть|-
Краснокаменск|КраснокаменскийРайон|75|ЗабайкальскийКрай|района
Краснокамск|КраснокамскийРайон|59|ПермскийКрай|района
Красноперекопск|(региональное)|91|КрымРеспублика|-
Красноперекопск|КрасноперекопскийРайон|91|КрымРеспублика|-
Краснослободск|КраснослободскийРайон|13|МордовияРеспублика|района
Краснослободск|СреднеахтубинскийРайон|34|ВолгоградскаяОбласть|-
Краснотурьинск|(региональное)|66|СвердловскаяОбласть|-
Красноуральск|(региональное)|66|СвердловскаяОбласть|-
Красноуфимск|(региональное)|66|СвердловскаяОбласть|-
Красноярск|(региональное)|24|КрасноярскийКрай|региона
КрасныйКут|КраснокутскийРайон|64|СаратовскаяОбласть|района
КрасныйСулин|КрасносулинскийРайон|61|РостовскаяОбласть|района
КрасныйХолм|КраснохолмскийРайон|69|ТверскаяОбласть|района
Кременки|ЖуковскийРайон|40|КалужскаяОбласть|-
Кронштадт|(региональное)|78|Санкт-ПетербургГород|-
Кропоткин|КавказскийРайон|23|КраснодарскийКрай|-
Крымск|КрымскийРайон|23|КраснодарскийКрай|района
Кстово|КстовскийРайон|52|НижегородскаяОбласть|района
Кубинка|ОдинцовскийРайон|50|МосковскаяОбласть|-
Кувандык|(региональное)|56|ОренбургскаяОбласть|-
Кувшиново|КувшиновскийРайон|69|ТверскаяОбласть|района
Кудымкар|(региональное)|59|ПермскийКрай|-
Кузнецк|КузнецкийРайон|58|ПензенскаяОбласть|района
Кузнецк-12|КузнецкийРайон|58|ПензенскаяОбласть|-
Кузнецк-8|КузнецкийРайон|58|ПензенскаяОбласть|-
Куйбышев|(региональное)|54|НовосибирскаяОбласть|-
Кулебаки|КулебакскийРайон|52|НижегородскаяОбласть|района
Кумертау|(региональное)|02|БашкортостанРеспублика|-
Кунгур|(региональное)|59|ПермскийКрай|-
Купино|КупинскийРайон|54|НовосибирскаяОбласть|района
Курган|(региональное)|45|КурганскаяОбласть|региона
Курганинск|КурганинскийРайон|23|КраснодарскийКрай|района
Курильск|КурильскийРайон|65|СахалинскаяОбласть|района
Курлово|Гусь-ХрустальныйРайон|33|ВладимирскаяОбласть|-
Куровское|Орехово-ЗуевскийРайон|50|МосковскаяОбласть|-
Курск|(региональное)|46|КурскаяОбласть|региона
Куртамыш|КуртамышскийРайон|45|КурганскаяОбласть|района
Курчатов|(региональное)|46|КурскаяОбласть|района
Куса|КусинскийРайон|74|ЧелябинскаяОбласть|района
Кушва|(региональное)|66|СвердловскаяОбласть|-
Кызыл|(региональное)|17|ТываРеспублика|региона
Кыштым|(региональное)|74|ЧелябинскаяОбласть|-
Кяхта|КяхтинскийРайон|03|БурятияРеспублика|района
Лабинск|ЛабинскийРайон|23|КраснодарскийКрай|района
Лабытнанги|(региональное)|89|Ямало-НенецкийАвтономныйокруг|-
Лагань|ЛаганскийРайон|08|КалмыкияРеспублика|района
Ладушкин|(региональное)|39|КалининградскаяОбласть|-
Лаишево|ЛаишевскийРайон|16|ТатарстанРеспублика|района
Лакинск|СобинскийРайон|33|ВладимирскаяОбласть|-
Лангепас|(региональное)|86|Ханты-МансийскийАвтономныйокруг-ЮграАвтономныйокруг|-
Лахденпохья|ЛахденпохскийРайон|10|КарелияРеспублика|района
Лебедянь|ЛебедянскийРайон|48|ЛипецкаяОбласть|района
Лениногорск|ЛениногорскийРайон|16|ТатарстанРеспублика|района
Ленинск|ЛенинскийРайон|34|ВолгоградскаяОбласть|района
Ленинск-Кузнецкий|(региональное)|42|КемеровскаяОбласть|-
Ленск|ЛенскийУлус|14|Саха/Якутия/Республика|района
Лермонтов|(региональное)|26|СтавропольскийКрай|-
Лесной|(региональное)|66|СвердловскаяОбласть|-
Лесозаводск|(региональное)|25|ПриморскийКрай|-
Лесосибирск|(региональное)|24|КрасноярскийКрай|-
Ливны|(региональное)|57|ОрловскаяОбласть|-
Ликино-Дулево|Орехово-ЗуевскийРайон|50|МосковскаяОбласть|-
Липецк|(региональное)|48|ЛипецкаяОбласть|региона
Липки|КиреевскийРайон|71|ТульскаяОбласть|-
Лиски|ЛискинскийРайон|36|ВоронежскаяОбласть|района
Лихославль|ЛихославльскийРайон|69|ТверскаяОбласть|района
Лобня|(региональное)|50|МосковскаяОбласть|-
ЛодейноеПоле|ЛодейнопольскийРайон|47|ЛенинградскаяОбласть|района
Ломоносов|(региональное)|78|Санкт-ПетербургГород|-
Лосино-Петровский|(региональное)|50|МосковскаяОбласть|-
Луга|ЛужскийРайон|47|ЛенинградскаяОбласть|района
Луза|ЛузскийРайон|43|КировскаяОбласть|района
Лукоянов|ЛукояновскийРайон|52|НижегородскаяОбласть|района
Луховицы|ЛуховицкийРайон|50|МосковскаяОбласть|района
Лысково|ЛысковскийРайон|52|НижегородскаяОбласть|района
Лысьва|(региональное)|59|ПермскийКрай|-
Лыткарино|(региональное)|50|МосковскаяОбласть|-
Льгов|(региональное)|46|КурскаяОбласть|района
Любань|ТосненскийРайон|47|ЛенинградскаяОбласть|-
Люберцы|ЛюберецкийРайон|50|МосковскаяОбласть|района
Любим|ЛюбимскийРайон|76|ЯрославскаяОбласть|района
Людиново|ЛюдиновскийРайон|40|КалужскаяОбласть|района
Лянтор|СургутскийРайон|86|Ханты-МансийскийАвтономныйокруг-ЮграАвтономныйокруг|-
Магадан|(региональное)|49|МагаданскаяОбласть|региона
Магас|(региональное)|06|ИнгушетияРеспублика|региона
Магнитогорск|(региональное)|74|ЧелябинскаяОбласть|-
Майкоп|(региональное)|01|АдыгеяРеспублика|региона
Майский|МайскийРайон|07|Кабардино-БалкарскаяРеспублика|района
Макаров|МакаровскийРайон|65|СахалинскаяОбласть|района
Макарьев|МакарьевскийРайон|44|КостромскаяОбласть|района
Макушино|МакушинскийРайон|45|КурганскаяОбласть|района
МалаяВишера|МаловишерскийРайон|53|НовгородскаяОбласть|района
Малгобек|(региональное)|06|ИнгушетияРеспублика|-
Малмыж|МалмыжскийРайон|43|КировскаяОбласть|района
Малоархангельск|МалоархангельскийРайон|57|ОрловскаяОбласть|района
Малоярославец|МалоярославецкийРайон|40|КалужскаяОбласть|района
Мамадыш|МамадышскийРайон|16|ТатарстанРеспублика|района
Мамоново|(региональное)|39|КалининградскаяОбласть|-
Мантурово|МантуровскийРайон|44|КостромскаяОбласть|района
Мариинск|МариинскийРайон|42|КемеровскаяОбласть|района
МариинскийПосад|Мариинско-ПосадскийРайон|21|ЧувашскаяРеспублика-Чувашия|района
Маркс|(региональное)|64|СаратовскаяОбласть|-
Махачкала|(региональное)|05|ДагестанРеспублика|региона
Мглин|МглинскийРайон|32|БрянскаяОбласть|района
Мегион|(региональное)|86|Ханты-МансийскийАвтономныйокруг-ЮграАвтономныйокруг|-
Медвежьегорск|МедвежьегорскийРайон|10|КарелияРеспублика|района
Медногорск|(региональное)|56|ОренбургскаяОбласть|-
Медынь|МедынскийРайон|40|КалужскаяОбласть|района
Межгорье|(региональное)|02|БашкортостанРеспублика|-
Междуреченск|(региональное)|42|КемеровскаяОбласть|-
Мезень|МезенскийРайон|29|АрхангельскаяОбласть|района
Меленки|МеленковскийРайон|33|ВладимирскаяОбласть|района
Мелеуз|МелеузовскийРайон|02|БашкортостанРеспублика|района
Менделеевск|МенделеевскийРайон|16|ТатарстанРеспублика|района
Мензелинск|МензелинскийРайон|16|ТатарстанРеспублика|района
Мещовск|МещовскийРайон|40|КалужскаяОбласть|района
Миасс|(региональное)|74|ЧелябинскаяОбласть|-
Микунь|Усть-ВымскийРайон|11|КомиРеспублика|-
Миллерово|МиллеровскийРайон|61|РостовскаяОбласть|района
МинеральныеВоды|МинераловодскийРайон|26|СтавропольскийКрай|района
Минусинск|(региональное)|24|КрасноярскийКрай|-
Миньяр|АшинскийРайон|74|ЧелябинскаяОбласть|-
Мирный|МирнинскийУлус|14|Саха/Якутия/Республика|района
Мирный|(региональное)|29|АрхангельскаяОбласть|-
Михайлов|МихайловскийРайон|62|РязанскаяОбласть|района
Михайловка|(региональное)|34|ВолгоградскаяОбласть|-
Михайловск|ШпаковскийРайон|26|СтавропольскийКрай|района
Михайловск|НижнесергинскийРайон|66|СвердловскаяОбласть|-
Мичуринск|(региональное)|68|ТамбовскаяОбласть|-
Могоча|МогочинскийРайон|75|ЗабайкальскийКрай|района
Можайск|МожайскийРайон|50|МосковскаяОбласть|района
Можга|(региональное)|18|УдмуртскаяРеспублика|-
Моздок|МоздокскийРайон|15|СевернаяОсетия-АланияРеспублика|района
Мончегорск|(региональное)|51|МурманскаяОбласть|-
Морозовск|МорозовскийРайон|61|РостовскаяОбласть|района
Моршанск|(региональное)|68|ТамбовскаяОбласть|-
Мосальск|МосальскийРайон|40|КалужскаяОбласть|района
Москва|(федеральное)|77|МоскваГород|-
Московский|МосковскийПоселение|77|МоскваГород|района
Московский|МосковскийПоселок|77|МоскваГород|района
Муравленко|(региональное)|89|Ямало-НенецкийАвтономныйокруг|-
Мураши|МурашинскийРайон|43|КировскаяОбласть|района
Мурманск|(региональное)|51|МурманскаяОбласть|региона
Муром|(региональное)|33|ВладимирскаяОбласть|-
Мценск|(региональное)|57|ОрловскаяОбласть|-
Мыски|(региональное)|42|КемеровскаяОбласть|-
Мытищи|МытищинскийРайон|50|МосковскаяОбласть|района
Мышкин|МышкинскийРайон|76|ЯрославскаяОбласть|района
НабережныеЧелны|(региональное)|16|ТатарстанРеспублика|-
Навашино|НавашинскийРайон|52|НижегородскаяОбласть|района
Наволоки|КинешемскийРайон|37|ИвановскаяОбласть|-
Надым|(региональное)|89|Ямало-НенецкийАвтономныйокруг|-
Назарово|(региональное)|24|КрасноярскийКрай|-
Назрань|(региональное)|06|ИнгушетияРеспублика|-
Называевск|НазываевскийРайон|55|ОмскаяОбласть|района
Нальчик|(региональное)|07|Кабардино-БалкарскаяРеспублика|региона
Нариманов|НаримановскийРайон|30|АстраханскаяОбласть|района
Наро-Фоминск|Наро-ФоминскийРайон|50|МосковскаяОбласть|района
Нарткала|УрванскийРайон|07|Кабардино-БалкарскаяРеспублика|района
Нарьян-Мар|(региональное)|83|НенецкийАвтономныйокруг|региона
Находка|(региональное)|25|ПриморскийКрай|-
Невель|НевельскийРайон|60|ПсковскаяОбласть|района
Невельск|НевельскийРайон|65|СахалинскаяОбласть|района
Невинномысск|(региональное)|26|СтавропольскийКрай|-
Невьянск|НевьянскийРайон|66|СвердловскаяОбласть|-
Нелидово|(региональное)|69|ТверскаяОбласть|-
Неман|НеманскийРайон|39|КалининградскаяОбласть|района
Нерехта|НерехтскийРайон|44|КостромскаяОбласть|района
Нерчинск|НерчинскийРайон|75|ЗабайкальскийКрай|района
Нерюнгри|(региональное)|14|Саха/Якутия/Республика|-
Нестеров|НестеровскийРайон|39|КалининградскаяОбласть|района
Нефтегорск|НефтегорскийРайон|63|СамарскаяОбласть|района
Нефтекамск|(региональное)|02|БашкортостанРеспублика|-
Нефтекумск|НефтекумскийРайон|26|СтавропольскийКрай|района
Нефтеюганск|(региональное)|86|Ханты-МансийскийАвтономныйокруг-ЮграАвтономныйокруг|-
Нея|НейскийРайон|44|КостромскаяОбласть|района
Нижневартовск|(региональное)|86|Ханты-МансийскийАвтономныйокруг-ЮграАвтономныйокруг|-
Нижнекамск|НижнекамскийРайон|16|ТатарстанРеспублика|района
Нижнеудинск|(региональное)|38|ИркутскаяОбласть|-
НижниеСерги|НижнесергинскийРайон|66|СвердловскаяОбласть|района
НижниеСерги-3|НижнесергинскийРайон|66|СвердловскаяОбласть|-
НижнийЛомов|НижнеломовскийРайон|58|ПензенскаяОбласть|района
НижнийНовгород|(региональное)|52|НижегородскаяОбласть|региона
НижнийТагил|(региональное)|66|СвердловскаяОбласть|-
НижняяСалда|(региональное)|66|СвердловскаяОбласть|-
НижняяТура|(региональное)|66|СвердловскаяОбласть|-
Николаевск|НиколаевскийРайон|34|ВолгоградскаяОбласть|района
Николаевск-на-Амуре|(региональное)|27|ХабаровскийКрай|-
Никольск|НикольскийРайон|35|ВологодскаяОбласть|района
Никольск|НикольскийРайон|58|ПензенскаяОбласть|района
Никольское|ТосненскийРайон|47|ЛенинградскаяОбласть|-
НоваяЛадога|ВолховскийРайон|47|ЛенинградскаяОбласть|-
НоваяЛяля|НоволялинскийРайон|66|СвердловскаяОбласть|района
Новоалександровск|НовоалександровскийРайон|26|СтавропольскийКрай|района
Новоалтайск|(региональное)|22|АлтайскийКрай|-
Новоаннинский|НовоаннинскийРайон|34|ВолгоградскаяОбласть|района
Нововоронеж|(региональное)|36|ВоронежскаяОбласть|-
Новодвинск|(региональное)|29|АрхангельскаяОбласть|-
Новозыбков|(региональное)|32|БрянскаяОбласть|-
Новокубанск|НовокубанскийРайон|23|КраснодарскийКрай|района
Новокузнецк|(региональное)|42|КемеровскаяОбласть|-
Новокуйбышевск|(региональное)|63|СамарскаяОбласть|-
Новомичуринск|ПронскийРайон|62|РязанскаяОбласть|-
Новомосковск|НовомосковскийРайон|71|ТульскаяОбласть|района
Новопавловск|КировскийРайон|26|СтавропольскийКрай|района
Новоржев|НоворжевскийРайон|60|ПсковскаяОбласть|района
Новороссийск|(региональное)|23|КраснодарскийКрай|-
Новосибирск|(региональное)|54|НовосибирскаяОбласть|региона
Новосиль|НовосильскийРайон|57|ОрловскаяОбласть|района
Новосокольники|НовосокольническийРайон|60|ПсковскаяОбласть|района
Новотроицк|(региональное)|56|ОренбургскаяОбласть|-
Новоузенск|НовоузенскийРайон|64|СаратовскаяОбласть|района
Новоульяновск|(региональное)|73|УльяновскаяОбласть|-
Новоуральск|(региональное)|66|СвердловскаяОбласть|-
Новохоперск|НовохоперскийРайон|36|ВоронежскаяОбласть|района
Новочебоксарск|(региональное)|21|ЧувашскаяРеспублика-Чувашия|-
Новочеркасск|(региональное)|61|РостовскаяОбласть|-
Новошахтинск|(региональное)|61|РостовскаяОбласть|-
НовыйОскол|НовооскольскийРайон|31|БелгородскаяОбласть|района
НовыйУренгой|(региональное)|89|Ямало-НенецкийАвтономныйокруг|-
Ногинск|НогинскийРайон|50|МосковскаяОбласть|района
Нолинск|НолинскийРайон|43|КировскаяОбласть|района
Норильск|(региональное)|24|КрасноярскийКрай|-
Ноябрьск|(региональное)|89|Ямало-НенецкийАвтономныйокруг|-
Нурлат|НурлатскийРайон|16|ТатарстанРеспублика|района
Нытва|НытвенскийРайон|59|ПермскийКрай|района
Нюрба|НюрбинскийУлус|14|Саха/Якутия/Республика|района
Нягань|(региональное)|86|Ханты-МансийскийАвтономныйокруг-ЮграАвтономныйокруг|-
Нязепетровск|НязепетровскийРайон|74|ЧелябинскаяОбласть|района
Няндома|НяндомскийРайон|29|АрхангельскаяОбласть|района
Облучье|ОблученскийРайон|79|ЕврейскаяАвтономнаяобласть|района
Обнинск|(региональное)|40|КалужскаяОбласть|-
Обоянь|ОбоянскийРайон|46|КурскаяОбласть|района
Обь|(региональное)|54|НовосибирскаяОбласть|-
Одинцово|ОдинцовскийРайон|50|МосковскаяОбласть|района
Ожерелье|КаширскийРайон|50|МосковскаяОбласть|-
Озерск|ОзерскийРайон|39|КалининградскаяОбласть|района
Озерск|(региональное)|74|ЧелябинскаяОбласть|-
Озеры|ОзерскийРайон|50|МосковскаяОбласть|района
Октябрьск|(региональное)|63|СамарскаяОбласть|-
Октябрьский|(региональное)|02|БашкортостанРеспублика|-
Окуловка|ОкуловскийРайон|53|НовгородскаяОбласть|района
Олекминск|ОлекминскийУлус|14|Саха/Якутия/Республика|района
Оленегорск|(региональное)|51|МурманскаяОбласть|-
Оленегорск-1|(региональное)|51|МурманскаяОбласть|-
Оленегорск-2|(региональное)|51|МурманскаяОбласть|-
Оленегорск-4|(региональное)|51|МурманскаяОбласть|-
Олонец|ОлонецкийРайон|10|КарелияРеспублика|района
Омск|(региональное)|55|ОмскаяОбласть|региона
Омутнинск|ОмутнинскийРайон|43|КировскаяОбласть|района
Онега|ОнежскийРайон|29|АрхангельскаяОбласть|района
Опочка|ОпочецкийРайон|60|ПсковскаяОбласть|района
Орёл|(региональное)|57|ОрловскаяОбласть|региона
Оренбург|(региональное)|56|ОренбургскаяОбласть|региона
Орехово-Зуево|(региональное)|50|МосковскаяОбласть|-
Орлов|ОрловскийРайон|43|КировскаяОбласть|района
Орск|(региональное)|56|ОренбургскаяОбласть|-
Оса|ОсинскийРайон|59|ПермскийКрай|района
Осинники|(региональное)|42|КемеровскаяОбласть|-
Осташков|ОсташковскийРайон|69|ТверскаяОбласть|района
Остров|ОстровскийРайон|60|ПсковскаяОбласть|района
Островной|(региональное)|51|МурманскаяОбласть|-
Острогожск|ОстрогожскийРайон|36|ВоронежскаяОбласть|района
Отрадное|КировскийРайон|47|ЛенинградскаяОбласть|-
Отрадный|(региональное)|63|СамарскаяОбласть|-
Оха|ОхинскийРайон|65|СахалинскаяОбласть|района
Оханск|ОханскийРайон|59|ПермскийКрай|района
Очер|ОчерскийРайон|59|ПермскийКрай|района
Павлово|ПавловскийРайон|52|НижегородскаяОбласть|района
Павловск|ПавловскийРайон|36|ВоронежскаяОбласть|района
Павловск|(региональное)|78|Санкт-ПетербургГород|-
ПавловскийПосад|Павлово-ПосадскийРайон|50|МосковскаяОбласть|района
Палласовка|ПалласовскийРайон|34|ВолгоградскаяОбласть|района
Партизанск|(региональное)|25|ПриморскийКрай|-
Певек|ЧаунскийРайон|87|ЧукотскийАвтономныйокруг|района
Пенза|(региональное)|58|ПензенскаяОбласть|-
Первомайск|(региональное)|52|НижегородскаяОбласть|-
Первоуральск|(региональное)|66|СвердловскаяОбласть|-
Перевоз|ПеревозскийРайон|52|НижегородскаяОбласть|района
Пересвет|Сергиево-ПосадскийРайон|50|МосковскаяОбласть|-
Переславль-Залесский|(региональное)|76|ЯрославскаяОбласть|-
Пермь|(региональное)|59|ПермскийКрай|региона
Пестово|ПестовскийРайон|53|НовгородскаяОбласть|района
Петергоф|(региональное)|78|Санкт-ПетербургГород|-
ПетровВал|КамышинскийРайон|34|ВолгоградскаяОбласть|-
Петровск|(региональное)|64|СаратовскаяОбласть|-
Петровск-Забайкальский|Петровск-ЗабайкальскийРайон|75|ЗабайкальскийКрай|района
Петрозаводск|(региональное)|10|КарелияРеспублика|региона
Петропавловск-Камчатский|(региональное)|41|КамчатскийКрай|региона
Петухово|ПетуховскийРайон|45|КурганскаяОбласть|района
Петушки|ПетушинскийРайон|33|ВладимирскаяОбласть|района
Печора|(региональное)|11|КомиРеспублика|-
Печоры|ПечорскийРайон|60|ПсковскаяОбласть|района
Пикалево|БокситогорскийРайон|47|ЛенинградскаяОбласть|-
Пионерский|(региональное)|39|КалининградскаяОбласть|-
Питкяранта|ПиткярантскийРайон|10|КарелияРеспублика|района
Плавск|ПлавскийРайон|71|ТульскаяОбласть|района
Пласт|ПластовскийРайон|74|ЧелябинскаяОбласть|района
Плес|ПриволжскийРайон|37|ИвановскаяОбласть|-
Поворино|ПоворинскийРайон|36|ВоронежскаяОбласть|района
Подгорное|(региональное)|91|КрымРеспублика|-
Подольск|(региональное)|50|МосковскаяОбласть|-
Подпорожье|ПодпорожскийРайон|47|ЛенинградскаяОбласть|района
Покачи|(региональное)|86|Ханты-МансийскийАвтономныйокруг-ЮграАвтономныйокруг|-
Покров|ПетушинскийРайон|33|ВладимирскаяОбласть|-
Покровск|ХангаласскийУлус|14|Саха/Якутия/Республика|района
Полевской|(региональное)|66|СвердловскаяОбласть|-
Полесск|ПолесскийРайон|39|КалининградскаяОбласть|района
Полысаево|(региональное)|42|КемеровскаяОбласть|-
ПолярныеЗори|(региональное)|51|МурманскаяОбласть|-
Полярный|(региональное)|51|МурманскаяОбласть|-
Поронайск|ПоронайскийРайон|65|СахалинскаяОбласть|района
Порхов|ПорховскийРайон|60|ПсковскаяОбласть|района
Похвистнево|(региональное)|63|СамарскаяОбласть|-
Почеп|ПочепскийРайон|32|БрянскаяОбласть|района
Починок|ПочинковскийРайон|67|СмоленскаяОбласть|района
Пошехонье|ПошехонскийРайон|76|ЯрославскаяОбласть|района
Правдинск|ПравдинскийРайон|39|КалининградскаяОбласть|района
Приволжск|ПриволжскийРайон|37|ИвановскаяОбласть|района
Приморск|БалтийскийРайон|39|КалининградскаяОбласть|-
Приморск|ВыборгскийРайон|47|ЛенинградскаяОбласть|-
Приморско-Ахтарск|Приморско-АхтарскийРайон|23|КраснодарскийКрай|района
Приозерск|ПриозерскийРайон|47|ЛенинградскаяОбласть|района
Прокопьевск|(региональное)|42|КемеровскаяОбласть|-
Пролетарск|ПролетарскийРайон|61|РостовскаяОбласть|района
Протвино|(региональное)|50|МосковскаяОбласть|-
Прохладный|(региональное)|07|Кабардино-БалкарскаяРеспублика|-
Псков|(региональное)|60|ПсковскаяОбласть|региона
Пугачев|(региональное)|64|СаратовскаяОбласть|района
Пудож|ПудожскийРайон|10|КарелияРеспублика|района
Пустошка|ПустошкинскийРайон|60|ПсковскаяОбласть|района
Пучеж|ПучежскийРайон|37|ИвановскаяОбласть|района
Пушкин|(региональное)|78|Санкт-ПетербургГород|-
Пушкино|ПушкинскийРайон|50|МосковскаяОбласть|района
Пущино|(региональное)|50|МосковскаяОбласть|-
Пыталово|ПыталовскийРайон|60|ПсковскаяОбласть|района
Пыть-Ях|(региональное)|86|Ханты-МансийскийАвтономныйокруг-ЮграАвтономныйокруг|-
Пятигорск|(региональное)|26|СтавропольскийКрай|-
Радужный|(региональное)|33|ВладимирскаяОбласть|-
Радужный|(региональное)|86|Ханты-МансийскийАвтономныйокруг-ЮграАвтономныйокруг|-
Райчихинск|(региональное)|28|АмурскаяОбласть|-
Раменское|РаменскийРайон|50|МосковскаяОбласть|района
Рассказово|(региональное)|68|ТамбовскаяОбласть|-
Ревда|(региональное)|66|СвердловскаяОбласть|-
Реж|РежевскойРайон|66|СвердловскаяОбласть|района
Реутов|(региональное)|50|МосковскаяОбласть|-
Ржев|(региональное)|69|ТверскаяОбласть|-
Родники|РодниковскийРайон|37|ИвановскаяОбласть|района
Рославль|РославльскийРайон|67|СмоленскаяОбласть|района
Россошь|РоссошанскийРайон|36|ВоронежскаяОбласть|района
Ростов|РостовскийРайон|76|ЯрославскаяОбласть|района
Ростов-на-Дону|(региональное)|61|РостовскаяОбласть|региона
Рошаль|(региональное)|50|МосковскаяОбласть|-
Ртищево|(региональное)|64|СаратовскаяОбласть|-
Рубцовск|(региональное)|22|АлтайскийКрай|-
Рудня|РуднянскийРайон|67|СмоленскаяОбласть|района
Руза|РузскийРайон|50|МосковскаяОбласть|района
Рузаевка|(региональное)|13|МордовияРеспублика|района
Рыбинск|РыбинскийРайон|76|ЯрославскаяОбласть|района
Рыбное|РыбновскийРайон|62|РязанскаяОбласть|района
Рыльск|РыльскийРайон|46|КурскаяОбласть|района
Ряжск|РяжскийРайон|62|РязанскаяОбласть|района
Рязань|(региональное)|62|РязанскаяОбласть|региона
Саки|(региональное)|91|КрымРеспублика|-
Саки|СакскийРайон|91|КрымРеспублика|-
Салават|(региональное)|02|БашкортостанРеспублика|-
Салаир|ГурьевскийРайон|42|КемеровскаяОбласть|-
Салехард|(региональное)|89|Ямало-НенецкийАвтономныйокруг|региона
Сальск|СальскийРайон|61|РостовскаяОбласть|района
Самара|(региональное)|63|СамарскаяОбласть|региона
Санкт-Петербург|(федеральное)|78|Санкт-ПетербургГород|-
Саранск|(региональное)|13|МордовияРеспублика|региона
Сарапул|(региональное)|18|УдмуртскаяРеспублика|-
Саратов|(региональное)|64|СаратовскаяОбласть|региона
Саров|(региональное)|52|НижегородскаяОбласть|-
Сасово|(региональное)|62|РязанскаяОбласть|-
Сатка|СаткинскийРайон|74|ЧелябинскаяОбласть|района
Сафоново|СафоновскийРайон|67|СмоленскаяОбласть|района
Саяногорск|(региональное)|19|ХакасияРеспублика|-
Саянск|(региональное)|38|ИркутскаяОбласть|-
Светлогорск|СветлогорскийРайон|39|КалининградскаяОбласть|района
Светлоград|ПетровскийРайон|26|СтавропольскийКрай|района
Светлый|(региональное)|39|КалининградскаяОбласть|-
Светогорск|ВыборгскийРайон|47|ЛенинградскаяОбласть|-
Свирск|(региональное)|38|ИркутскаяОбласть|-
Свободный|(региональное)|28|АмурскаяОбласть|-
Себеж|СебежскийРайон|60|ПсковскаяОбласть|района
Севастополь|(региональное)|92|СевастопольГород|-
Северобайкальск|(региональное)|03|БурятияРеспублика|-
Северодвинск|(региональное)|29|АрхангельскаяОбласть|-
Северо-Курильск|Северо-КурильскийРайон|65|СахалинскаяОбласть|района
Североморск|(региональное)|51|МурманскаяОбласть|-
Североуральск|(региональное)|66|СвердловскаяОбласть|-
Северск|(региональное)|70|ТомскаяОбласть|-
Севск|СевскийРайон|32|БрянскаяОбласть|района
Сегежа|СегежскийРайон|10|КарелияРеспублика|района
Сельцо|(региональное)|32|БрянскаяОбласть|-
Семенов|(региональное)|52|НижегородскаяОбласть|-
Семикаракорск|СемикаракорскийРайон|61|РостовскаяОбласть|района
Семилуки|СемилукскийРайон|36|ВоронежскаяОбласть|района
Сенгилей|СенгилеевскийРайон|73|УльяновскаяОбласть|района
Серафимович|СерафимовичскийРайон|34|ВолгоградскаяОбласть|района
Сергач|СергачскийРайон|52|НижегородскаяОбласть|района
СергиевПосад|Сергиево-ПосадскийРайон|50|МосковскаяОбласть|района
СергиевПосад-7|Сергиево-ПосадскийРайон|50|МосковскаяОбласть|-
Сердобск|СердобскийРайон|58|ПензенскаяОбласть|района
Серов|(региональное)|66|СвердловскаяОбласть|-
Серпухов|(региональное)|50|МосковскаяОбласть|-
Сертолово|ВсеволожскийРайон|47|ЛенинградскаяОбласть|-
Сестрорецк|(региональное)|78|Санкт-ПетербургГород|-
Сибай|(региональное)|02|БашкортостанРеспублика|-
Сим|АшинскийРайон|74|ЧелябинскаяОбласть|-
Симферополь|(региональное)|91|КрымРеспублика|-
Сковородино|СковородинскийРайон|28|АмурскаяОбласть|района
Скопин|(региональное)|62|РязанскаяОбласть|района
Славгород|(региональное)|22|АлтайскийКрай|-
Славск|СлавскийРайон|39|КалининградскаяОбласть|района
Славянск-на-Кубани|СлавянскийРайон|23|КраснодарскийКрай|района
Сланцы|СланцевскийРайон|47|ЛенинградскаяОбласть|района
Слободской|СлободскойРайон|43|КировскаяОбласть|района
Слюдянка|СлюдянскийРайон|38|ИркутскаяОбласть|района
Смоленск|(региональное)|67|СмоленскаяОбласть|региона
Снегири|ИстринскийРайон|50|МосковскаяОбласть|-
Снежинск|(региональное)|74|ЧелябинскаяОбласть|-
Снежногорск|(региональное)|51|МурманскаяОбласть|-
Собинка|СобинскийРайон|33|ВладимирскаяОбласть|района
Советск|(региональное)|39|КалининградскаяОбласть|-
Советск|СоветскийРайон|43|КировскаяОбласть|района
Советск|ЩекинскийРайон|71|ТульскаяОбласть|-
СоветскаяГавань|(региональное)|27|ХабаровскийКрай|-
Советский|СоветскийРайон|86|Ханты-МансийскийАвтономныйокруг-ЮграАвтономныйокруг|района
Сокол|СокольскийРайон|35|ВологодскаяОбласть|района
Солигалич|СолигаличскийРайон|44|КостромскаяОбласть|района
Соликамск|(региональное)|59|ПермскийКрай|-
Солнечногорск|СолнечногорскийРайон|50|МосковскаяОбласть|района
Солнечногорск-2|СолнечногорскийРайон|50|МосковскаяОбласть|-
Солнечногорск-25|СолнечногорскийРайон|50|МосковскаяОбласть|-
Солнечногорск-30|СолнечногорскийРайон|50|МосковскаяОбласть|-
Солнечногорск-7|СолнечногорскийРайон|50|МосковскаяОбласть|-
Сольвычегодск|КотласскийРайон|29|АрхангельскаяОбласть|-
Соль-Илецк|Соль-ИлецкийРайон|56|ОренбургскаяОбласть|района
Сольцы|СолецкийРайон|53|НовгородскаяОбласть|района
Сольцы2|СолецкийРайон|53|НовгородскаяОбласть|-
Сорочинск|(региональное)|56|ОренбургскаяОбласть|-
Сорск|(региональное)|19|ХакасияРеспублика|-
Сортавала|(региональное)|10|КарелияРеспублика|-
Сосенский|КозельскийРайон|40|КалужскаяОбласть|-
Сосновка|ВятскополянскийРайон|43|КировскаяОбласть|-
Сосновоборск|(региональное)|24|КрасноярскийКрай|-
СосновыйБор|(региональное)|47|ЛенинградскаяОбласть|-
Сосногорск|(региональное)|11|КомиРеспублика|-
Сочи|(региональное)|23|КраснодарскийКрай|-
Спас-Деменск|Спас-ДеменскийРайон|40|КалужскаяОбласть|района
Спас-Клепики|КлепиковскийРайон|62|РязанскаяОбласть|района
Спасск|СпасскийРайон|58|ПензенскаяОбласть|района
Спасск-Дальний|(региональное)|25|ПриморскийКрай|-
Спасск-Рязанский|СпасскийРайон|62|РязанскаяОбласть|района
Среднеколымск|СреднеколымскийУлус|14|Саха/Якутия/Республика|района
Среднеуральск|(региональное)|66|СвердловскаяОбласть|-
Сретенск|СретенскийРайон|75|ЗабайкальскийКрай|района
Ставрополь|(региональное)|26|СтавропольскийКрай|региона
СтараяКупавна|НогинскийРайон|50|МосковскаяОбласть|-
СтараяРусса|СтарорусскийРайон|53|НовгородскаяОбласть|района
Старица|СтарицкийРайон|69|ТверскаяОбласть|района
Стародуб|СтародубскийРайон|32|БрянскаяОбласть|района
Старыйкрым|КировскийРайон|91|КрымРеспублика|-
СтарыйОскол|(региональное)|31|БелгородскаяОбласть|района
Стерлитамак|(региональное)|02|БашкортостанРеспублика|района
Стрежевой|(региональное)|70|ТомскаяОбласть|-
Строитель|ЯковлевскийРайон|31|БелгородскаяОбласть|района
Струнино|АлександровскийРайон|33|ВладимирскаяОбласть|-
Ступино|СтупинскийРайон|50|МосковскаяОбласть|района
Суворов|СуворовскийРайон|71|ТульскаяОбласть|района
Судак|(региональное)|91|КрымРеспублика|-
Суджа|СуджанскийРайон|46|КурскаяОбласть|района
Судогда|СудогодскийРайон|33|ВладимирскаяОбласть|района
Суздаль|СуздальскийРайон|33|ВладимирскаяОбласть|района
Суоярви|СуоярвскийРайон|10|КарелияРеспублика|района
Сураж|СуражскийРайон|32|БрянскаяОбласть|района
Сургут|(региональное)|86|Ханты-МансийскийАвтономныйокруг-ЮграАвтономныйокруг|-
Суровикино|СуровикинскийРайон|34|ВолгоградскаяОбласть|района
Сурск|ГородищенскийРайон|58|ПензенскаяОбласть|-
Сусуман|СусуманскийРайон|49|МагаданскаяОбласть|района
Сухиничи|СухиничскийРайон|40|КалужскаяОбласть|района
СухойЛог|СухоложскийРайон|66|СвердловскаяОбласть|-
Сызрань|(региональное)|63|СамарскаяОбласть|-
Сыктывкар|(региональное)|11|КомиРеспублика|региона
Сысерть|СысертскийРайон|66|СвердловскаяОбласть|района
Сычевка|СычевскийРайон|67|СмоленскаяОбласть|района
Сясьстрой|ВолховскийРайон|47|ЛенинградскаяОбласть|-
Тавда|(региональное)|66|СвердловскаяОбласть|-
Таганрог|(региональное)|61|РостовскаяОбласть|-
Тайга|(региональное)|42|КемеровскаяОбласть|-
Тайшет|(региональное)|38|ИркутскаяОбласть|-
Талдом|ТалдомскийРайон|50|МосковскаяОбласть|района
Талица|ТалицкийРайон|66|СвердловскаяОбласть|района
Тамбов|(региональное)|68|ТамбовскаяОбласть|региона
Тара|ТарскийРайон|55|ОмскаяОбласть|района
Тарко-Сале|ПуровскийРайон|89|Ямало-НенецкийАвтономныйокруг|района
Таруса|ТарусскийРайон|40|КалужскаяОбласть|-
Татарск|(региональное)|54|НовосибирскаяОбласть|-
Таштагол|ТаштагольскийРайон|42|КемеровскаяОбласть|района
Тверь|(региональное)|69|ТверскаяОбласть|региона
Теберда|(региональное)|09|Карачаево-ЧеркесскаяРеспублика|-
Тейково|ТейковскийРайон|37|ИвановскаяОбласть|района
Темников|ТемниковскийРайон|13|МордовияРеспублика|района
Темрюк|ТемрюкскийРайон|23|КраснодарскийКрай|района
Терек|ТерскийРайон|07|Кабардино-БалкарскаяРеспублика|района
Тетюши|ТетюшскийРайон|16|ТатарстанРеспублика|района
Тимашевск|ТимашевскийРайон|23|КраснодарскийКрай|района
Тихвин|ТихвинскийРайон|47|ЛенинградскаяОбласть|района
Тихорецк|ТихорецкийРайон|23|КраснодарскийКрай|района
Тобольск|(региональное)|72|ТюменскаяОбласть|-
Тогучин|ТогучинскийРайон|54|НовосибирскаяОбласть|района
Тольятти|(региональное)|63|СамарскаяОбласть|-
Томари|ТомаринскийРайон|65|СахалинскаяОбласть|района
Томмот|АлданскийУлус|14|Саха/Якутия/Республика|-
Томск|(региональное)|70|ТомскаяОбласть|районаирегиона
Топки|ТопкинскийРайон|42|КемеровскаяОбласть|района
Торжок|(региональное)|69|ТверскаяОбласть|-
Торопец|ТоропецкийРайон|69|ТверскаяОбласть|района
Тосно|ТосненскийРайон|47|ЛенинградскаяОбласть|района
Тотьма|ТотемскийРайон|35|ВологодскаяОбласть|района
Трехгорный|(региональное)|74|ЧелябинскаяОбласть|-
Трехгорный-1|(региональное)|74|ЧелябинскаяОбласть|-
Троицк|(региональное)|74|ЧелябинскаяОбласть|-
Троицк|(региональное)|77|МоскваГород|-
Трубчевск|ТрубчевскийРайон|32|БрянскаяОбласть|района
Туапсе|ТуапсинскийРайон|23|КраснодарскийКрай|района
Туймазы|ТуймазинскийРайон|02|БашкортостанРеспублика|района
Тула|(региональное)|71|ТульскаяОбласть|региона
Тулун|(региональное)|38|ИркутскаяОбласть|-
Туран|Пий-ХемскийРайон|17|ТываРеспублика|района
Туринск|ТуринскийРайон|66|СвердловскаяОбласть|района
Тутаев|ТутаевскийРайон|76|ЯрославскаяОбласть|района
Тында|(региональное)|28|АмурскаяОбласть|-
Тырныауз|ЭльбрусскийРайон|07|Кабардино-БалкарскаяРеспублика|района
Тюкалинск|ТюкалинскийРайон|55|ОмскаяОбласть|района
Тюмень|(региональное)|72|ТюменскаяОбласть|-
Уварово|(региональное)|68|ТамбовскаяОбласть|-
Углегорск|УглегорскийРайон|65|СахалинскаяОбласть|района
Углич|УгличскийРайон|76|ЯрославскаяОбласть|района
Удачный|МирнинскийУлус|14|Саха/Якутия/Республика|-
Удомля|УдомельскийРайон|69|ТверскаяОбласть|района
Ужур|УжурскийРайон|24|КрасноярскийКрай|района
Узловая|УзловскийРайон|71|ТульскаяОбласть|района
Улан-Удэ|(региональное)|03|БурятияРеспублика|региона
Ульяновск|(региональное)|73|УльяновскаяОбласть|региона
Унеча|УнечскийРайон|32|БрянскаяОбласть|района
Урай|(региональное)|86|Ханты-МансийскийАвтономныйокруг-ЮграАвтономныйокруг|-
Урень|УренскийРайон|52|НижегородскаяОбласть|района
Уржум|УржумскийРайон|43|КировскаяОбласть|района
Урус-Мартан|Урус-МартановскийРайон|20|ЧеченскаяРеспублика|района
Урюпинск|(региональное)|34|ВолгоградскаяОбласть|-
Усинск|(региональное)|11|КомиРеспублика|-
Усмань|УсманскийРайон|48|ЛипецкаяОбласть|района
Усолье|УсольскийРайон|59|ПермскийКрай|района
Усолье-Сибирское|(региональное)|38|ИркутскаяОбласть|-
Уссурийск|(региональное)|25|ПриморскийКрай|-
Усть-Джегута|Усть-ДжегутинскийРайон|09|Карачаево-ЧеркесскаяРеспублика|района
Усть-Илимск|(региональное)|38|ИркутскаяОбласть|-
Усть-Катав|(региональное)|74|ЧелябинскаяОбласть|-
Усть-Кут|(региональное)|38|ИркутскаяОбласть|-
Усть-Лабинск|Усть-ЛабинскийРайон|23|КраснодарскийКрай|района
Устюжна|УстюженскийРайон|35|ВологодскаяОбласть|района
Уфа|(региональное)|02|БашкортостанРеспублика|районаирегиона
Ухта|(региональное)|11|КомиРеспублика|-
Учалы|УчалинскийРайон|02|БашкортостанРеспублика|района
Уяр|УярскийРайон|24|КрасноярскийКрай|района
Фатеж|ФатежскийРайон|46|КурскаяОбласть|района
Феодосия|(региональное)|91|КрымРеспублика|-
Фокино|(региональное)|25|ПриморскийКрай|-
Фокино|ДятьковскийРайон|32|БрянскаяОбласть|-
Фролово|(региональное)|34|ВолгоградскаяОбласть|-
Фрязино|(региональное)|50|МосковскаяОбласть|-
Фурманов|ФурмановскийРайон|37|ИвановскаяОбласть|района
Хабаровск|(региональное)|27|ХабаровскийКрай|региона
Хадыженск|АпшеронскийРайон|23|КраснодарскийКрай|-
Ханты-Мансийск|(региональное)|86|Ханты-МансийскийАвтономныйокруг-ЮграАвтономныйокруг|региона
Харабали|ХарабалинскийРайон|30|АстраханскаяОбласть|района
Харовск|ХаровскийРайон|35|ВологодскаяОбласть|района
Хасавюрт|(региональное)|05|ДагестанРеспублика|-
Хвалынск|(региональное)|64|СаратовскаяОбласть|-
Хилок|ХилокскийРайон|75|ЗабайкальскийКрай|района
Химки|(региональное)|50|МосковскаяОбласть|-
Холм|ХолмскийРайон|53|НовгородскаяОбласть|района
Холмск|ХолмскийРайон|65|СахалинскаяОбласть|района
Хотьково|Сергиево-ПосадскийРайон|50|МосковскаяОбласть|-
Цивильск|ЦивильскийРайон|21|ЧувашскаяРеспублика-Чувашия|района
Цимлянск|ЦимлянскийРайон|61|РостовскаяОбласть|района
Чадан|Дзун-ХемчикскийРайон|17|ТываРеспублика|района
Чайковский|(региональное)|59|ПермскийКрай|-
Чапаевск|(региональное)|63|СамарскаяОбласть|-
Чаплыгин|ЧаплыгинскийРайон|48|ЛипецкаяОбласть|района
Чебаркуль|(региональное)|74|ЧелябинскаяОбласть|-
Чебоксары|(региональное)|21|ЧувашскаяРеспублика-Чувашия|региона
Чегем|ЧегемскийРайон|07|Кабардино-БалкарскаяРеспублика|района
Чекалин|СуворовскийРайон|71|ТульскаяОбласть|-
Челябинск|(региональное)|74|ЧелябинскаяОбласть|региона
Чердынь|ЧердынскийРайон|59|ПермскийКрай|района
Черемхово|(региональное)|38|ИркутскаяОбласть|-
Черепаново|ЧерепановскийРайон|54|НовосибирскаяОбласть|района
Череповец|(региональное)|35|ВологодскаяОбласть|-
Черкесск|(региональное)|09|Карачаево-ЧеркесскаяРеспублика|региона
Чермоз|ИльинскийРайон|59|ПермскийКрай|-
Черноголовка|НогинскийРайон|50|МосковскаяОбласть|-
Черногорск|(региональное)|19|ХакасияРеспублика|-
Чернушка|ЧернушинскийРайон|59|ПермскийКрай|района
Черняховск|ЧерняховскийРайон|39|КалининградскаяОбласть|района
Чехов|ЧеховскийРайон|50|МосковскаяОбласть|района
Чехов-2|ЧеховскийРайон|50|МосковскаяОбласть|-
Чехов-3|ЧеховскийРайон|50|МосковскаяОбласть|-
Чехов-8|ЧеховскийРайон|50|МосковскаяОбласть|-
Чистополь|ЧистопольскийРайон|16|ТатарстанРеспублика|района
Чита|(региональное)|75|ЗабайкальскийКрай|региона
Чкаловск|ЧкаловскийРайон|52|НижегородскаяОбласть|района
Чудово|ЧудовскийРайон|53|НовгородскаяОбласть|района
Чулым|ЧулымскийРайон|54|НовосибирскаяОбласть|района
Чулым-3|ЧулымскийРайон|54|НовосибирскаяОбласть|-
Чусовой|(региональное)|59|ПермскийКрай|-
Чухлома|ЧухломскийРайон|44|КостромскаяОбласть|района
Шагонар|Улуг-ХемскийРайон|17|ТываРеспублика|района
Шадринск|(региональное)|45|КурганскаяОбласть|-
Шали|ШалинскийРайон|20|ЧеченскаяРеспублика|района
Шарыпово|(региональное)|24|КрасноярскийКрай|-
Шарья|ШарьинскийРайон|44|КостромскаяОбласть|района
Шатура|ШатурскийРайон|50|МосковскаяОбласть|района
Шахтерск|УглегорскийРайон|65|СахалинскаяОбласть|-
Шахты|(региональное)|61|РостовскаяОбласть|-
Шахунья|(региональное)|52|НижегородскаяОбласть|-
Шацк|ШацкийРайон|62|РязанскаяОбласть|района
Шебекино|(региональное)|31|БелгородскаяОбласть|района
Шелехов|(региональное)|38|ИркутскаяОбласть|-
Шенкурск|ШенкурскийРайон|29|АрхангельскаяОбласть|района
Шилка|ШилкинскийРайон|75|ЗабайкальскийКрай|района
Шимановск|(региональное)|28|АмурскаяОбласть|-
Шиханы|(региональное)|64|СаратовскаяОбласть|-
Шлиссельбург|КировскийРайон|47|ЛенинградскаяОбласть|-
Шумерля|(региональное)|21|ЧувашскаяРеспублика-Чувашия|-
Шумиха|ШумихинскийРайон|45|КурганскаяОбласть|района
Шуя|ШуйскийРайон|37|ИвановскаяОбласть|района
Щекино|ЩекинскийРайон|71|ТульскаяОбласть|района
Щелкино|ЛенинскийРайон|91|КрымРеспублика|-
Щелково|ЩелковскийРайон|50|МосковскаяОбласть|района
Щербинка|(региональное)|77|МоскваГород|-
Щигры|(региональное)|46|КурскаяОбласть|района
Щучье|ЩучанскийРайон|45|КурганскаяОбласть|района
Электрогорск|(региональное)|50|МосковскаяОбласть|-
Электросталь|(региональное)|50|МосковскаяОбласть|-
Электроугли|НогинскийРайон|50|МосковскаяОбласть|-
Элиста|(региональное)|08|КалмыкияРеспублика|региона
Энгельс|(региональное)|64|СаратовскаяОбласть|-
Энгельс-19|(региональное)|64|СаратовскаяОбласть|-
Энгельс-2|(региональное)|64|СаратовскаяОбласть|-
Эртиль|ЭртильскийРайон|36|ВоронежскаяОбласть|района
Юбилейный|(региональное)|50|МосковскаяОбласть|-
Югорск|(региональное)|86|Ханты-МансийскийАвтономныйокруг-ЮграАвтономныйокруг|-
Южа|ЮжскийРайон|37|ИвановскаяОбласть|района
Южно-Сахалинск|(региональное)|65|СахалинскаяОбласть|региона
Южно-Сухокумск|(региональное)|05|ДагестанРеспублика|-
Южноуральск|(региональное)|74|ЧелябинскаяОбласть|-
Юрга|(региональное)|42|КемеровскаяОбласть|-
Юрьевец|ЮрьевецкийРайон|37|ИвановскаяОбласть|района
Юрьев-Польский|Юрьев-ПольскийРайон|33|ВладимирскаяОбласть|района
Юрюзань|Катав-ИвановскийРайон|74|ЧелябинскаяОбласть|-
Юхнов|ЮхновскийРайон|40|КалужскаяОбласть|района
Юхнов-1|ЮхновскийРайон|40|КалужскаяОбласть|-
Юхнов-2|ЮхновскийРайон|40|КалужскаяОбласть|-
Ядрин|ЯдринскийРайон|21|ЧувашскаяРеспублика-Чувашия|района
Якутск|(региональное)|14|Саха/Якутия/Республика|региона
Ялта|(региональное)|91|КрымРеспублика|-
Ялуторовск|ЯлуторовскийРайон|72|ТюменскаяОбласть|района
Янаул|ЯнаульскийРайон|02|БашкортостанРеспублика|района
Яранск|ЯранскийРайон|43|КировскаяОбласть|района
Яровое|(региональное)|22|АлтайскийКрай|-
Ярославль|(региональное)|76|ЯрославскаяОбласть|региона
Ярцево|ЯрцевскийРайон|67|СмоленскаяОбласть|района
Ясногорск|ЯсногорскийРайон|71|ТульскаяОбласть|района
Ясный|ЯсненскийРайон|56|ОренбургскаяОбласть|района
Яхрома|ДмитровскийРайон|50|МосковскаяОбласть|-
